Rank,team,Avg Age,Wins,Losses,ORtg,DRtg,NRtg,Pace,Attendance,attend/g,season,Win%,eFG%
1,Los Angeles Lakers,29.2,67,15,107.3,98.2,9.1,93.3,771420,,2000,81.707,0.484
2,Portland Trail Blazers,29.6,59,23,107.9,100.8,7.1,89.9,835078,,2000,71.951,0.501
3,San Antonio Spurs,30.9,53,29,105,98.6,6.4,90.8,884450,,2000,64.634,0.488
4,Phoenix Suns,28.6,53,29,104.6,99,5.6,94,773115,,2000,64.634,0.491
5,Utah Jazz,31.5,55,27,107.3,102.3,5,89.6,801268,,2000,67.073,0.49
6,Indiana Pacers,30.4,56,26,108.5,103.6,4.9,93.1,752145,,2000,68.293,0.503
7,Sacramento Kings,27.5,44,38,105,102.1,2.9,99.3,720033,,2000,53.659,0.486
8,Miami Heat,29.2,52,30,104.5,101,3.5,89.7,706725,,2000,63.415,0.495
9,Minnesota Timberwolves,26.6,50,32,106.1,103.4,2.7,91.8,690012,,2000,60.976,0.485
10,Charlotte Hornets,28.7,49,33,104.3,101.4,2.9,93.9,732827,,2000,59.756,0.475
11,New York Knicks,29.5,50,32,102.5,100.9,1.6,89.2,810103,,2000,60.976,0.482
12,Oklahoma City Thunder,28.5,45,37,105.6,104.6,1,93.4,615730,,2000,54.878,0.487
13,Detroit Pistons,28.3,42,40,107.3,105.8,1.5,95.7,678470,,2000,51.22,0.492
14,Philadelphia 76ers,27.1,49,33,101.5,100,1.5,92.7,756956,,2000,59.756,0.457
15,Orlando Magic,26.3,41,41,102.4,101.7,0.7,97.3,576409,,2000,50,0.473
16,Milwaukee Bucks,28.2,42,40,108.2,107.9,0.3,92.7,628605,,2000,51.22,0.494
17,Dallas Mavericks,26.3,40,42,106.6,107.2,-0.6,94.9,606177,,2000,48.78,0.49
18,Toronto Raptors,29.3,45,37,104.7,104.9,-0.2,92.5,756496,,2000,54.878,0.464
19,Houston Rockets,26.3,34,48,104.8,105.7,-0.9,94.2,624594,,2000,41.463,0.494
20,Boston Celtics,25.4,35,47,104.8,105.6,-0.8,94.6,683608,,2000,42.683,0.474
21,New Jersey Nets,27.3,31,51,105.1,106.3,-1.2,92.5,643631,,2000,37.805,0.468
22,Denver Nuggets,25.9,35,47,103.5,105.8,-2.3,94.7,637698,,2000,42.683,0.476
23,Washington Wizards,28,29,53,103.5,107,-3.5,92.7,616593,,2000,35.366,0.476
24,Cleveland Cavaliers,27.2,32,50,100.4,104,-3.6,95.7,603702,,2000,39.024,0.468
25,Vancouver Grizzlies,25.3,22,60,102.3,108.5,-6.2,91,569864,,2000,26.829,0.474
26,Atlanta Hawks,27.6,28,54,102,107.9,-5.9,91.7,600954,,2000,34.146,0.46
27,Golden State Warriors,26.9,19,63,99.8,108.4,-8.6,95.4,509171,,2000,23.171,0.444
28,Chicago Bulls,26,17,65,94.2,104.6,-10.4,89.4,907064,,2000,20.732,0.443
29,Los Angeles Clippers,24.2,15,67,97.8,110.1,-12.3,93.9,559714,,2000,18.293,0.458
1,San Antonio Spurs,29.5,58,24,106.6,98,8.6,89.6,913176,22273,2001,70.732,0.496
2,Sacramento Kings,27.1,55,27,105.6,99.6,6,94.4,709997,17317,2001,67.073,0.484
3,Utah Jazz,32,53,29,107.6,102.4,5.2,89.8,792196,19322,2001,64.634,0.497
4,Dallas Mavericks,26.6,53,29,107.1,102.6,4.5,93.2,680238,16591,2001,64.634,0.498
5,Portland Trail Blazers,30.1,50,32,106.5,101.8,4.7,89.1,831376,20277,2001,60.976,0.497
6,Los Angeles Lakers,29.2,56,26,108.4,104.8,3.6,91.7,776336,18935,2001,68.293,0.498
7,Philadelphia 76ers,28.2,56,26,103.6,98.9,4.7,90.6,805692,19651,2001,68.293,0.468
8,Milwaukee Bucks,28.2,52,30,108.8,104.6,4.2,92.1,683125,16662,2001,63.415,0.499
9,Houston Rockets,26.7,45,37,106.7,104.2,2.5,90.4,518555,12648,2001,54.878,0.492
10,Phoenix Suns,28.6,51,31,100.3,98,2.3,93.1,737586,17990,2001,62.195,0.46
11,New York Knicks,29.8,48,34,101.2,98.2,3,86.7,810283,19763,2001,58.537,0.476
12,Minnesota Timberwolves,27.4,47,35,105.2,103.7,1.5,91.8,717371,17497,2001,57.317,0.482
13,Miami Heat,30.9,50,32,101.1,98.5,2.6,87.1,678186,16541,2001,60.976,0.469
14,Toronto Raptors,29.9,47,35,105.9,103.4,2.5,90.9,793256,19348,2001,57.317,0.468
15,Charlotte Hornets,28.2,46,36,101.8,99.5,2.3,89.4,615424,15010,2001,56.098,0.457
16,Oklahoma City Thunder,27.9,44,38,105.6,105.6,0,91.6,640847,15630,2001,53.659,0.491
17,Orlando Magic,26,43,39,103.2,102.1,1.1,93.2,605031,14757,2001,52.439,0.474
18,Indiana Pacers,27.7,41,41,102,102.2,-0.2,89.4,731800,17849,2001,50,0.471
19,Denver Nuggets,27.9,40,42,103.7,106.3,-2.6,92.6,619300,15105,2001,48.78,0.47
20,Detroit Pistons,27.1,32,50,100,101.8,-1.8,94.7,607323,14813,2001,39.024,0.453
21,Los Angeles Clippers,24.3,31,51,101.3,104.5,-3.2,89.6,601587,14673,2001,37.805,0.476
22,Boston Celtics,25.9,36,46,101.4,103.7,-2.3,92.6,629201,15346,2001,43.902,0.473
23,Cleveland Cavaliers,26.9,30,52,100.3,104.9,-4.6,91.2,650775,15873,2001,36.585,0.459
24,Vancouver Grizzlies,26.2,23,59,99.6,105.8,-6.2,91.7,563218,13737,2001,28.049,0.464
25,New Jersey Nets,27.5,26,56,100,105.5,-5.5,91.8,556573,13575,2001,31.707,0.452
26,Atlanta Hawks,26.1,25,57,98.7,104.3,-5.6,91.9,560330,13667,2001,30.488,0.456
27,Washington Wizards,27,19,63,100.6,107.8,-7.2,92.7,638653,15577,2001,23.171,0.46
28,Golden State Warriors,26.6,17,65,97.8,107.4,-9.6,94.1,591981,14439,2001,20.732,0.429
29,Chicago Bulls,23.2,15,67,97.2,107.3,-10.1,89.3,888654,21674,2001,18.293,0.45
1,Sacramento Kings,27,61,21,109,101.1,7.9,95.6,709997,17317,2002,74.39,0.497
2,Los Angeles Lakers,27.9,58,24,109.4,101.7,7.7,92.1,778777,18995,2002,70.732,0.498
3,San Antonio Spurs,28.5,58,24,106.5,99.7,6.8,90,906390,22107,2002,70.732,0.492
4,Dallas Mavericks,27.6,57,25,112.2,107.7,4.5,92.8,802783,19580,2002,69.512,0.507
5,New Jersey Nets,26.1,52,30,104,99.5,4.5,91.8,564194,13761,2002,63.415,0.476
6,Minnesota Timberwolves,26.7,50,32,109,105.3,3.7,90.5,731673,17846,2002,60.976,0.49
7,Oklahoma City Thunder,26.9,45,37,108.9,105.6,3.3,89,633516,15452,2002,54.878,0.505
8,Portland Trail Blazers,29,49,33,107.4,104,3.4,89.3,797821,19459,2002,59.756,0.485
9,Boston Celtics,26.2,49,33,103.4,101,2.4,92.5,659751,16091,2002,59.756,0.476
10,Detroit Pistons,29.5,50,32,104.8,102.4,2.4,90,760807,18556,2002,60.976,0.497
11,Philadelphia 76ers,29,43,39,102.1,100.3,1.8,88.9,842976,20560,2002,52.439,0.452
12,Orlando Magic,28,44,38,107,105.3,1.7,93.2,621121,15149,2002,53.659,0.493
13,Utah Jazz,29.9,44,38,105.6,104.6,1,90.3,766108,18686,2002,53.659,0.472
14,Charlotte Hornets,28.3,44,38,104.3,103.3,1,89.7,462738,11286,2002,53.659,0.466
15,Indiana Pacers,26.1,42,40,104.1,103.8,0.3,91.9,686537,16745,2002,51.22,0.477
16,Los Angeles Clippers,24.4,39,43,105.5,106,-0.5,90.1,740185,18053,2002,47.561,0.476
17,Phoenix Suns,26.5,36,46,103.3,104,-0.7,91.4,668939,16316,2002,43.902,0.472
18,Milwaukee Bucks,28.9,41,41,106.9,107.1,-0.2,90.2,745305,18178,2002,50,0.507
19,Toronto Raptors,29.3,42,40,102.6,103.1,-0.5,88.8,810160,19760,2002,51.22,0.463
20,Washington Wizards,27.5,37,45,104.8,106.4,-1.6,88.3,847634,20674,2002,45.122,0.464
21,Miami Heat,30.1,36,46,98.5,100.2,-1.7,87.4,655549,15989,2002,43.902,0.463
22,Cleveland Cavaliers,26,29,53,104.6,108.2,-3.6,90.3,596115,14539,2002,35.366,0.477
23,New York Knicks,30.3,30,52,101.5,105.9,-4.4,89.7,810283,19763,2002,36.585,0.468
24,Houston Rockets,25.9,28,54,103.1,108.6,-5.5,88.2,481227,11737,2002,34.146,0.465
25,Atlanta Hawks,25.7,33,49,101.8,106.4,-4.6,91.9,506110,12344,2002,40.244,0.471
26,Golden State Warriors,24.8,21,61,102.8,108.5,-5.7,94.5,593182,14468,2002,25.61,0.452
27,Denver Nuggets,28.2,27,55,101.4,107.8,-6.4,90.4,633846,15460,2002,32.927,0.455
28,Memphis Grizzlies,25.5,23,59,98.2,106.3,-8.1,91.1,591030,14415,2002,28.049,0.462
29,Chicago Bulls,25.5,21,61,98.2,107.6,-9.4,90.5,776311,18934,2002,25.61,0.456
1,Dallas Mavericks,28.1,60,22,110.7,102.3,8.4,92.5,816429,19913,2003,73.171,0.498
2,Sacramento Kings,28.3,59,23,105.9,99.1,6.8,95.4,709997,17317,2003,71.951,0.499
3,San Antonio Spurs,28.4,60,22,105.6,99.7,5.9,90,735970,17950,2003,73.171,0.497
4,New Jersey Nets,27.3,49,33,103.8,98.1,5.7,91.6,622574,15185,2003,59.756,0.468
5,Detroit Pistons,29,50,32,104.1,99.9,4.2,86.8,839278,20470,2003,60.976,0.473
6,Portland Trail Blazers,29.2,50,32,105.5,102.6,2.9,89.4,796258,19421,2003,60.976,0.489
7,Indiana Pacers,25.9,48,34,104.6,100.8,3.8,91.6,670461,16353,2003,58.537,0.469
8,Utah Jazz,30.9,47,35,105.5,102.8,2.7,89.3,786034,19172,2003,57.317,0.486
9,Los Angeles Lakers,28.1,50,32,107.2,104.7,2.5,92.5,777888,18973,2003,60.976,0.486
10,Minnesota Timberwolves,28.2,51,31,106.1,103.8,2.3,91.9,643684,15700,2003,62.195,0.488
11,Houston Rockets,25.9,43,39,104.3,102.6,1.7,88.8,565166,13785,2003,52.439,0.474
12,Philadelphia 76ers,28.3,48,34,105,102.5,2.5,91.4,807097,19685,2003,58.537,0.466
13,Phoenix Suns,25.2,44,38,103.7,102.5,1.2,91.5,666559,16258,2003,53.659,0.473
14,New Orleans Hornets,29.1,47,35,103.9,101.6,2.3,89.4,641683,15651,2003,57.317,0.465
15,Oklahoma City Thunder,26.9,40,42,103.7,103.9,-0.2,88,637194,15541,2003,48.78,0.472
16,Milwaukee Bucks,29.3,42,40,108.8,108.6,0.2,90.4,665966,16243,2003,51.22,0.5
17,Orlando Magic,26.9,42,40,105.2,105,0.2,93.1,605901,14778,2003,51.22,0.478
18,Golden State Warriors,24.4,38,44,108.3,109.5,-1.2,94.2,634935,15486,2003,46.341,0.472
19,Boston Celtics,26.9,44,38,101.2,101.6,-0.4,90.9,709049,17294,2003,53.659,0.47
20,Washington Wizards,28.4,37,45,103,104.1,-1.1,88.2,827093,20173,2003,45.122,0.46
21,New York Knicks,30.2,37,45,104.7,106.2,-1.5,90.7,779479,19012,2003,45.122,0.486
22,Memphis Grizzlies,24.9,28,54,103.9,107.3,-3.4,92.7,611322,14910,2003,34.146,0.487
23,Los Angeles Clippers,25.3,27,55,102.3,106.8,-4.5,91.3,706471,17231,2003,32.927,0.467
24,Atlanta Hawks,27.2,35,47,102.3,106.1,-3.8,91,528655,12894,2003,42.683,0.476
25,Miami Heat,26.5,25,57,96.7,102.4,-5.7,87.8,628242,15323,2003,30.488,0.439
26,Chicago Bulls,25.2,30,52,100.2,105.6,-5.4,93.5,804309,19617,2003,36.585,0.471
27,Toronto Raptors,27.6,24,58,100.5,107,-6.5,89.9,777507,18964,2003,29.268,0.458
28,Denver Nuggets,24.1,17,65,92.2,101.3,-9.1,91,607813,14825,2003,20.732,0.428
29,Cleveland Cavaliers,23.5,17,65,96.5,106.7,-10.2,94,471374,11497,2003,20.732,0.444
1,San Antonio Spurs,27.3,57,25,102.2,94.1,8.1,89.2,739706,18042,2004,69.512,0.473
2,Minnesota Timberwolves,29.7,58,24,105.9,99.7,6.2,89,723071,17636,2004,70.732,0.486
3,Sacramento Kings,29.3,55,27,110.3,104.9,5.4,92.8,709997,17317,2004,67.073,0.507
4,Detroit Pistons,27.4,54,28,102,95.4,6.6,87.9,872902,21290,2004,65.854,0.461
5,Indiana Pacers,27.1,61,21,103.8,97.2,6.6,87.5,678326,16545,2004,74.39,0.471
6,Dallas Mavericks,27.4,52,30,112.1,107.4,4.7,93.2,825594,20136,2004,63.415,0.495
7,Los Angeles Lakers,29.8,56,26,105.5,101.3,4.2,92.3,777757,18970,2004,68.293,0.481
8,Memphis Grizzlies,26,50,32,104.8,102.2,2.6,91.4,622723,15188,2004,60.976,0.479
9,Houston Rockets,28.3,45,37,100.9,99,1.9,87.8,640794,15629,2004,54.878,0.484
10,New Jersey Nets,27.7,47,35,100.8,98,2.8,89.4,613051,14952,2004,57.317,0.471
11,Denver Nuggets,25.6,43,39,103.9,102.7,1.2,93.3,721476,17597,2004,52.439,0.467
12,Milwaukee Bucks,26.5,41,41,106.5,105.4,1.1,91.6,690180,16834,2004,50,0.477
13,Oklahoma City Thunder,26,37,45,107.3,108,-0.7,89.9,625474,15154,2004,45.122,0.501
14,Golden State Warriors,28.1,37,45,103,103.8,-0.8,89.8,665648,16235,2004,45.122,0.475
15,Miami Heat,26.4,42,40,102.2,101.7,0.5,88,624809,15239,2004,51.22,0.463
16,Utah Jazz,24.9,42,40,101.9,103.3,-1.4,86.6,785330,19154,2004,51.22,0.456
17,Portland Trail Blazers,27.6,41,41,103.7,105.1,-1.4,86.2,684038,16684,2004,50,0.478
18,New Orleans Hornets,30.3,41,41,102.3,102.4,-0.1,89.1,587613,14332,2004,50,0.46
19,New York Knicks,29.6,39,43,101.7,103.3,-1.6,89.5,785739,19164,2004,47.561,0.474
20,Boston Celtics,26.4,36,46,102.1,103.7,-1.6,93.2,664248,16201,2004,43.902,0.486
21,Phoenix Suns,24.4,29,53,101.4,105.5,-4.1,92.6,670385,16351,2004,35.366,0.475
22,Philadelphia 76ers,27.5,33,49,99.1,101.9,-2.8,88,788128,19223,2004,40.244,0.456
23,Cleveland Cavaliers,24.9,35,47,101.4,104.2,-2.8,90.8,749790,18288,2004,42.683,0.451
24,Toronto Raptors,27.6,33,49,97,100.4,-3.4,86.8,750608,18308,2004,40.244,0.454
25,Los Angeles Clippers,24.3,28,54,103.5,108.5,-5,91,665396,16143,2004,34.146,0.453
26,Atlanta Hawks,26.2,28,54,101,106.1,-5.1,90.8,565728,13798,2004,34.146,0.465
27,Washington Wizards,24.4,25,57,98.8,104.8,-6,92.2,645363,15741,2004,30.488,0.454
28,Chicago Bulls,26.8,23,59,96.6,103.4,-6.8,92.2,809177,19736,2004,28.049,0.446
29,Orlando Magic,25.8,21,61,102.7,110.4,-7.7,90.8,589144,14369,2004,25.61,0.461
1,San Antonio Spurs,28.5,59,23,107.5,98.8,8.7,88.9,750970,18316,2005,71.951,0.492
2,Phoenix Suns,25.2,62,20,114.5,107.1,7.4,95.9,726066,17709,2005,75.61,0.534
3,Dallas Mavericks,27.7,58,24,110.3,104.1,6.2,92.7,822533,20062,2005,70.732,0.492
4,Miami Heat,28,59,23,110.2,103.1,7.1,90.8,815143,19882,2005,71.951,0.524
5,Houston Rockets,29.7,51,31,106.2,101.7,4.5,88.8,663444,16182,2005,62.195,0.486
6,Detroit Pistons,27.9,54,28,105.6,101.2,4.4,87.2,905116,22076,2005,65.854,0.472
7,Memphis Grizzlies,26.3,45,37,105.5,102.9,2.6,88.5,691362,16862,2005,54.878,0.489
8,Oklahoma City Thunder,26,52,30,112.2,109.6,2.6,87.9,675490,16475,2005,63.415,0.495
9,Sacramento Kings,27.7,50,32,110.5,108.2,2.3,93,709997,17317,2005,60.976,0.496
10,Denver Nuggets,26.7,49,33,106,103.9,2.1,93.5,723949,17657,2005,59.756,0.483
11,Minnesota Timberwolves,29,44,38,108.2,106.6,1.6,89.1,704438,17181,2005,53.659,0.489
12,Chicago Bulls,25,47,35,101.4,100.3,1.1,92.4,828384,20204,2005,57.317,0.471
13,Indiana Pacers,28.3,44,38,105.5,104.6,0.9,87.2,696764,16994,2005,53.659,0.476
14,Boston Celtics,27.1,45,37,107.5,106.6,0.9,93.3,656081,16002,2005,54.878,0.501
15,Cleveland Cavaliers,26.5,42,40,106.6,105.7,0.9,89.7,784249,19128,2005,51.22,0.47
16,Los Angeles Clippers,25.5,37,45,105.5,106.4,-0.9,89.1,696181,16980,2005,45.122,0.477
17,Washington Wizards,25.3,45,37,107.2,107.5,-0.3,93.3,705069,17197,2005,54.878,0.474
18,Philadelphia 76ers,26.4,43,39,103.5,104.3,-0.8,94.9,732686,17870,2005,52.439,0.475
19,Golden State Warriors,26.7,34,48,104.7,106.9,-2.2,93.3,670368,16350,2005,41.463,0.475
20,Toronto Raptors,27,33,49,106.9,108.7,-1.8,92.7,703388,17156,2005,40.244,0.492
21,New Jersey Nets,27.8,42,40,101.4,103.1,-1.7,89.1,618681,15090,2005,51.22,0.463
22,Los Angeles Lakers,26,34,48,108.1,111.4,-3.3,90.8,770494,18793,2005,41.463,0.485
23,Orlando Magic,26.5,36,46,104.9,107.3,-2.4,94.7,597942,14584,2005,43.902,0.478
24,New York Knicks,27.3,33,49,106.2,108.9,-2.7,90.7,800144,19516,2005,40.244,0.485
25,Milwaukee Bucks,26.9,30,52,106.6,109.8,-3.2,90.8,637009,15537,2005,36.585,0.475
26,Portland Trail Blazers,27,27,55,103.2,107.7,-4.5,89.8,680374,16594,2005,32.927,0.484
27,Utah Jazz,25.7,26,56,104.7,109.5,-4.8,88.4,769014,18756,2005,31.707,0.469
28,Charlotte Hornets,24.9,18,64,101.1,107.5,-6.4,92.3,591701,14432,2005,21.951,0.455
29,New Orleans Hornets,27.5,18,64,99.7,107.7,-8,87.6,583070,14221,2005,21.951,0.446
30,Atlanta Hawks,26,13,69,100.6,111.1,-10.5,91.4,586390,14302,2005,15.854,0.464
1,San Antonio Spurs,29.8,63,19,107.3,99.6,7.7,88.5,770677,18797,2006,76.829,0.513
2,Detroit Pistons,28.5,64,18,110.8,103.1,7.7,86.8,905116,22076,2006,78.049,0.497
3,Dallas Mavericks,27.5,60,22,111.8,105,6.8,87.8,824693,20114,2006,73.171,0.495
4,Phoenix Suns,27.5,54,28,111.5,105.8,5.7,95.8,730179,17809,2006,65.854,0.537
5,Memphis Grizzlies,28.1,49,33,105.9,101.6,4.3,86.3,647533,15793,2006,59.756,0.496
6,Miami Heat,29.2,52,30,108.7,104.5,4.2,91.6,818149,19955,2006,63.415,0.517
7,Los Angeles Lakers,25.1,45,37,108.4,105.7,2.7,90.9,774189,18883,2006,54.878,0.495
8,Cleveland Cavaliers,27.1,50,32,107.8,105.4,2.4,89.8,792391,19327,2006,60.976,0.492
9,Los Angeles Clippers,26.8,47,35,105.3,103.6,1.7,91.7,712409,17376,2006,57.317,0.487
10,Indiana Pacers,27.3,41,41,104.5,102.4,2.1,89.7,663368,16180,2006,50,0.487
11,Sacramento Kings,27.2,44,38,106.7,105,1.7,91.9,709997,17317,2006,53.659,0.492
12,Washington Wizards,26.5,42,40,109.3,107.3,2,92.3,705062,17197,2006,51.22,0.484
13,New Jersey Nets,28.6,49,33,103.9,102.4,1.5,89.8,691543,16867,2006,59.756,0.478
14,Chicago Bulls,24.1,41,41,104,103.4,0.6,92.9,868720,21188,2006,50,0.487
15,Denver Nuggets,27.4,44,38,105.5,105.2,0.3,93.9,702555,17135,2006,53.659,0.488
16,Milwaukee Bucks,25.5,40,42,106.3,107.4,-1.1,91.2,681337,16618,2006,48.78,0.492
17,Golden State Warriors,25.6,34,48,104.8,106.2,-1.4,93.3,749185,18273,2006,41.463,0.479
18,Orlando Magic,25.5,36,46,106.3,107.5,-1.2,88.3,638005,15561,2006,43.902,0.496
19,Houston Rockets,28.8,34,48,101.6,103.3,-1.7,88,636110,15515,2006,41.463,0.471
20,Boston Celtics,25.3,33,49,105.2,106.9,-1.7,92.2,692873,16899,2006,40.244,0.504
21,Minnesota Timberwolves,26.7,33,49,102.4,104.5,-2.1,88.8,662167,16150,2006,40.244,0.48
22,Philadelphia 76ers,26.5,38,44,106,108.1,-2.1,92.7,677278,16519,2006,46.341,0.487
23,Utah Jazz,25.6,41,41,104.1,107,-2.9,87.8,751621,18332,2006,50,0.467
24,New Orleans/Oklahoma City Hornets,26.3,38,44,103.7,106.8,-3.1,89,744920,18717,2006,46.341,0.464
25,Oklahoma City Thunder,25.6,35,47,111.1,114.4,-3.3,91.6,664157,16199,2006,42.683,0.504
26,Toronto Raptors,25.9,27,55,109.5,112.7,-3.2,91.1,699332,17057,2006,32.927,0.5
27,Charlotte Hornets,25.2,26,56,102.5,106.7,-4.2,93.4,671011,16366,2006,31.707,0.464
28,Atlanta Hawks,22.7,26,56,106.4,111.6,-5.2,90.4,617817,15069,2006,31.707,0.486
29,New York Knicks,25.6,23,59,104,111,-7,90.8,776176,18931,2006,28.049,0.481
30,Portland Trail Blazers,24.6,21,61,101.1,111.9,-10.8,87.6,617019,15049,2006,25.61,0.474
1,San Antonio Spurs,30.4,58,24,109.2,99.9,9.3,89.8,764823,18654,2007,70.732,0.521
2,Dallas Mavericks,28.1,67,15,111.3,103.2,8.1,89.5,834411,20351,2007,81.707,0.509
3,Phoenix Suns,27.6,61,21,113.9,106.4,7.5,95.6,755302,18422,2007,74.39,0.551
4,Houston Rockets,28.2,52,30,106,100.7,5.3,90.7,678362,16545,2007,63.415,0.499
5,Chicago Bulls,26,49,33,104.9,99.6,5.3,93.6,912364,22253,2007,59.756,0.493
6,Detroit Pistons,29,53,29,108.9,104.2,4.7,87.3,905116,22076,2007,64.634,0.488
7,Cleveland Cavaliers,26.9,50,32,105.5,101.3,4.2,90.8,837883,20436,2007,60.976,0.484
8,Utah Jazz,25.9,51,31,110.1,107,3.1,91.6,802214,19566,2007,62.195,0.502
9,Denver Nuggets,26.5,45,37,107.6,105.9,1.7,97.4,706437,17230,2007,54.878,0.501
10,Toronto Raptors,26,47,35,107,106,1,92.6,748603,18259,2007,57.317,0.504
11,Orlando Magic,25.6,40,42,104.9,104.1,0.8,89.9,700887,17095,2007,48.78,0.5
12,Los Angeles Lakers,25.3,42,40,108.6,108.6,0,93.5,778415,18986,2007,51.22,0.511
13,Golden State Warriors,24.6,42,40,107,107.4,-0.4,99.2,742267,18104,2007,51.22,0.512
14,Los Angeles Clippers,27.5,40,42,105.1,105.6,-0.5,90.8,755261,18421,2007,48.78,0.481
15,Washington Wizards,26.8,41,41,110.1,110.6,-0.5,94.1,753283,18373,2007,50,0.491
16,New Jersey Nets,28.2,41,41,105.7,106.6,-0.9,91.4,693955,16926,2007,50,0.504
17,New Orleans/Oklahoma City Hornets,26.4,39,43,104.8,106.5,-1.7,90.2,731165,17954,2007,47.561,0.479
18,Miami Heat,29.3,44,38,104.3,105.3,-1,89.9,808541,19721,2007,53.659,0.506
19,Sacramento Kings,27.3,33,49,106.2,108,-1.8,94.8,709997,17317,2007,40.244,0.491
20,Oklahoma City Thunder,25.9,31,51,107.2,110.3,-3.1,91.8,654163,15955,2007,37.805,0.499
21,Indiana Pacers,27.2,35,47,102.9,105.5,-2.6,92.4,629750,15360,2007,42.683,0.474
22,New York Knicks,25.4,33,49,105.7,108.8,-3.1,90.8,770617,18796,2007,40.244,0.494
23,Minnesota Timberwolves,27.7,32,50,103.9,107.9,-4,91,655947,15999,2007,39.024,0.49
24,Philadelphia 76ers,26.2,35,47,103.6,106.9,-3.3,90.7,608603,14844,2007,42.683,0.48
25,Boston Celtics,23.5,24,58,103.2,106.9,-3.7,92,690576,16843,2007,29.268,0.479
26,Portland Trail Blazers,24.4,32,50,105.1,109.9,-4.8,88.3,670778,16360,2007,39.024,0.483
27,Charlotte Hornets,25.5,33,49,103.6,107.6,-4,92,637520,15549,2007,40.244,0.48
28,Milwaukee Bucks,26,28,54,107,111.7,-4.7,92.3,663629,16186,2007,34.146,0.504
29,Memphis Grizzlies,26.2,22,60,106.9,112.3,-5.4,93.6,600836,14655,2007,26.829,0.504
30,Atlanta Hawks,24.1,30,52,103,108.3,-5.3,90,639375,15595,2007,36.585,0.471
1,Boston Celtics,27.9,66,16,110.2,98.9,11.3,90.9,763584,18624,2008,80.488,0.522
2,Los Angeles Lakers,26.7,57,25,113,105.5,7.5,95.6,778877,18997,2008,69.512,0.525
3,Utah Jazz,25.3,54,28,113.8,106.5,7.3,93.2,816211,19908,2008,65.854,0.528
4,Detroit Pistons,28.3,59,23,111.4,102.9,8.5,87.3,905116,22076,2008,71.951,0.495
5,New Orleans Hornets,27.1,56,26,111.5,105.7,5.8,89.9,581432,14181,2008,68.293,0.512
6,Phoenix Suns,29.3,55,27,113.3,108.1,5.2,96.7,755302,18422,2008,67.073,0.551
7,San Antonio Spurs,31.4,56,26,107.2,101.8,5.4,88.8,761149,18565,2008,68.293,0.504
8,Houston Rockets,28.3,55,27,106.8,101.6,5.2,90.4,718524,17525,2008,67.073,0.492
9,Orlando Magic,26.7,52,30,111.3,105.5,5.8,93.4,709346,17301,2008,63.415,0.537
10,Dallas Mavericks,28.9,51,31,111.1,106.1,5,90.2,831738,20286,2008,62.195,0.502
11,Denver Nuggets,28.5,50,32,110,106.3,3.7,99.7,711962,17365,2008,60.976,0.51
12,Toronto Raptors,26.3,41,41,110.2,107,3.2,90.2,796835,19435,2008,50,0.511
13,Golden State Warriors,25.5,48,34,111.8,109.5,2.3,98.8,804864,19631,2008,58.537,0.511
14,Philadelphia 76ers,25.3,40,42,106.4,106,0.4,90.4,609675,14870,2008,48.78,0.482
15,Portland Trail Blazers,24.1,41,41,107.3,108.4,-1.1,87.9,801566,19550,2008,50,0.489
16,Cleveland Cavaliers,27.1,45,37,106,106.4,-0.4,90.2,839074,20465,2008,54.878,0.48
17,Washington Wizards,27.2,43,39,109.2,109.6,-0.4,89.5,736461,17962,2008,52.439,0.489
18,Sacramento Kings,27.3,38,44,107.5,109.9,-2.4,94.7,580181,14151,2008,46.341,0.503
19,Indiana Pacers,26.7,36,46,106,107.5,-1.5,97.7,501092,12222,2008,43.902,0.498
20,Atlanta Hawks,24.2,37,45,106.9,108.9,-2,91.1,667518,16281,2008,45.122,0.483
21,Chicago Bulls,25.7,33,49,103.9,107.2,-3.3,93,901502,21988,2008,40.244,0.47
22,Charlotte Hornets,26.3,32,50,104.6,109.4,-4.8,91.8,603403,14717,2008,39.024,0.492
23,New Jersey Nets,27.4,34,48,104,109.4,-5.4,91.5,641921,15657,2008,41.463,0.481
24,Memphis Grizzlies,24.5,22,60,105,111.4,-6.4,95.3,523578,12770,2008,26.829,0.5
25,Minnesota Timberwolves,24.6,22,60,103.8,111.2,-7.4,91.9,593537,14477,2008,26.829,0.484
26,New York Knicks,25.7,23,59,104.7,111.9,-7.2,91.6,783739,19116,2008,28.049,0.475
27,Los Angeles Clippers,28.5,23,59,101.2,109.1,-7.9,92.1,692408,16888,2008,28.049,0.465
28,Milwaukee Bucks,25.8,26,56,105.3,112.8,-7.5,91.3,639421,15596,2008,31.707,0.482
29,Oklahoma City Thunder,25.4,20,62,100.5,109.5,-9,96.3,547556,13355,2008,24.39,0.467
30,Miami Heat,27.4,15,67,100.5,110,-9.5,90.2,798004,19464,2008,18.293,0.482
1,Cleveland Cavaliers,26.6,66,16,112.4,102.4,10,88.7,841000,20512,2009,80.488,0.519
2,Boston Celtics,27.8,62,20,110.5,102.3,8.2,90.4,763584,18624,2009,75.61,0.528
3,Los Angeles Lakers,27.4,65,17,112.8,104.7,8.1,94.3,778877,18997,2009,79.268,0.513
4,Orlando Magic,27.3,59,23,109.2,101.9,7.3,92.3,698768,17043,2009,71.951,0.52
5,Portland Trail Blazers,24,54,28,113.9,107.8,6.1,86.6,841499,20524,2009,65.854,0.511
6,Houston Rockets,27.9,53,29,108.4,104,4.4,90.2,717669,17504,2009,64.634,0.501
7,San Antonio Spurs,30.4,54,28,108.5,104.3,4.2,88.4,749048,18269,2009,65.854,0.513
8,Denver Nuggets,27.7,54,28,110.4,106.8,3.6,94.3,706165,17224,2009,65.854,0.512
9,Utah Jazz,25.5,48,34,110.1,107.3,2.8,93.1,816042,19903,2009,58.537,0.504
10,Atlanta Hawks,25.8,47,35,109.3,107.6,1.7,89.6,686688,16748,2009,57.317,0.504
11,Dallas Mavericks,29,50,32,110.5,108.4,2.1,91.5,821723,20042,2009,60.976,0.504
12,Phoenix Suns,29.5,46,36,113.6,111.6,2,96,755302,18422,2009,56.098,0.545
13,New Orleans Hornets,28.2,49,33,108.7,107,1.7,87.8,695727,16969,2009,59.756,0.501
14,Miami Heat,25.6,43,39,107.8,107.6,0.2,89.9,748778,18263,2009,52.439,0.5
15,Philadelphia 76ers,26.1,41,41,107.9,107.8,0.1,90,647898,15802,2009,50,0.485
16,Chicago Bulls,24.9,41,41,108.4,108.7,-0.3,93.1,868667,21187,2009,50,0.493
17,Detroit Pistons,28.2,39,43,107.4,108,-0.6,86.7,896971,21877,2009,47.561,0.483
18,Indiana Pacers,26.5,36,46,108.1,109.2,-1.1,96.5,581472,14182,2009,43.902,0.501
19,Milwaukee Bucks,26.3,34,48,106.7,107.9,-1.2,92.6,630976,15390,2009,41.463,0.483
20,Charlotte Hornets,25.8,35,47,104.7,106.1,-1.4,88.3,597548,14574,2009,42.683,0.494
21,New Jersey Nets,25.7,34,48,108.3,111,-2.7,89.9,621062,15148,2009,41.463,0.497
22,New York Knicks,25.7,32,50,108.1,110.8,-2.7,96.7,790801,19288,2009,39.024,0.503
23,Toronto Raptors,27,33,49,107,110,-3,92,769707,18773,2009,40.244,0.494
24,Golden State Warriors,25,29,53,109.5,113.3,-3.8,98.2,776660,18943,2009,35.366,0.497
25,Minnesota Timberwolves,25.4,24,58,106.1,111.4,-5.3,91.6,595013,14513,2009,29.268,0.481
26,Memphis Grizzlies,23.3,24,58,103.5,109.5,-6,90.1,519895,12680,2009,29.268,0.486
27,Oklahoma City Thunder,24.5,23,59,102.9,109.4,-6.5,93.6,766868,18704,2009,28.049,0.471
28,Washington Wizards,26.9,19,63,105.4,113.6,-8.2,91,681119,16613,2009,23.171,0.48
29,Los Angeles Clippers,26.6,19,63,102.3,111.7,-9.4,92.1,663587,16185,2009,23.171,0.481
30,Sacramento Kings,26.3,17,65,105.5,114.7,-9.2,94.2,520169,12687,2009,20.732,0.491
1,Orlando Magic,27.9,59,23,111.4,103.3,8.1,92,715901,17461,2010,71.951,0.536
2,Cleveland Cavaliers,28,61,21,111.2,104.1,7.1,91.4,843042,20562,2010,74.39,0.532
3,Utah Jazz,25.6,53,29,110.7,105,5.7,93.8,794512,19378,2010,64.634,0.524
4,San Antonio Spurs,28.7,50,32,110,104.5,5.5,91.7,741676,18090,2010,60.976,0.515
5,Los Angeles Lakers,28.4,57,25,108.8,103.7,5.1,92.8,778877,18997,2010,69.512,0.496
6,Phoenix Suns,28.5,54,28,115.3,110.2,5.1,95.3,723582,17648,2010,65.854,0.546
7,Atlanta Hawks,26.5,53,29,111.9,106.7,5.2,90.1,678375,16546,2010,64.634,0.506
8,Denver Nuggets,27.7,53,29,111.8,107.5,4.3,94.8,737301,17983,2010,64.634,0.509
9,Oklahoma City Thunder,23.2,50,32,108.3,104.6,3.7,93.1,738149,18004,2010,60.976,0.494
10,Boston Celtics,29.4,50,32,107.7,103.8,3.9,91.6,763584,18624,2010,60.976,0.522
11,Portland Trail Blazers,26.6,50,32,110.8,107.1,3.7,87.7,840371,20497,2010,60.976,0.499
12,Dallas Mavericks,30.7,55,27,109.2,106.3,2.9,92.5,819770,19994,2010,67.073,0.506
13,Miami Heat,27.1,47,35,106.6,104.1,2.5,89.6,726935,17730,2010,57.317,0.496
14,Milwaukee Bucks,26.4,46,36,104.9,103.1,1.8,91.7,619453,15109,2010,56.098,0.482
15,Charlotte Hornets,27.4,44,38,104.4,102.8,1.6,90.4,648520,15818,2010,53.659,0.49
16,Houston Rockets,26,42,40,107.6,108,-0.4,94,677658,16528,2010,51.22,0.494
17,Memphis Grizzlies,24.1,40,42,108.3,109.9,-1.6,93.6,552914,13486,2010,48.78,0.494
18,Chicago Bulls,26.2,41,41,103.5,105.3,-1.8,93.1,849760,20726,2010,50,0.477
19,Toronto Raptors,25.2,40,42,111.3,113.2,-1.9,93.1,733784,17897,2010,48.78,0.521
20,New Orleans Hornets,27.5,37,45,107.4,110.1,-2.7,92.6,617366,15058,2010,45.122,0.506
21,Indiana Pacers,26.6,32,50,103.7,106.8,-3.1,97.1,582295,14202,2010,39.024,0.491
22,Golden State Warriors,25.1,26,56,108.1,111.7,-3.6,100.4,739120,18027,2010,31.707,0.514
23,Philadelphia 76ers,25.4,27,55,106.1,110.3,-4.2,91.6,583219,14225,2010,32.927,0.496
24,New York Knicks,25.4,29,53,107.6,111.6,-4,94,799550,19501,2010,35.366,0.509
25,Sacramento Kings,24.1,25,57,105.3,109.9,-4.6,94,543416,13254,2010,30.488,0.491
26,Washington Wizards,27.6,26,56,104.2,109.4,-5.2,91.6,664398,16205,2010,31.707,0.481
27,Detroit Pistons,26.7,27,55,105.6,111.4,-5.8,88.5,768826,18752,2010,32.927,0.474
28,Los Angeles Clippers,27.3,29,53,103.3,110.1,-6.8,92.6,670063,16343,2010,35.366,0.491
29,New Jersey Nets,24.8,12,70,100.6,110.5,-9.9,91.4,537230,13103,2010,14.634,0.458
30,Minnesota Timberwolves,24.1,15,67,101.7,111.6,-9.9,96.1,619170,15102,2010,18.293,0.478
1,Miami Heat,29,58,24,111.7,103.5,8.2,90.9,810930,19779,2011,70.732,0.524
2,Chicago Bulls,26.4,62,20,108.3,100.3,8,90.4,893462,21792,2011,75.61,0.501
3,Los Angeles Lakers,30.2,57,25,111,104.3,6.7,90.7,778877,18997,2011,69.512,0.502
4,San Antonio Spurs,28.8,61,21,111.8,105.6,6.2,92.3,750879,18314,2011,74.39,0.527
5,Orlando Magic,27.6,52,30,107.9,102,5.9,91.2,777852,18972,2011,63.415,0.521
6,Boston Celtics,29.5,56,26,106.2,100.3,5.9,90.4,763584,18624,2011,68.293,0.519
7,Denver Nuggets,27.3,50,32,112.3,107.3,5,95.6,696568,16989,2011,60.976,0.526
8,Dallas Mavericks,30.9,57,25,109.7,105,4.7,91.3,824162,20102,2011,69.512,0.525
9,Oklahoma City Thunder,23.7,55,27,111.2,107.2,4,92.7,744068,18148,2011,67.073,0.501
10,Memphis Grizzlies,25.2,46,36,107.6,105.1,2.5,91.9,600687,14651,2011,56.098,0.493
11,Houston Rockets,26.5,43,39,111.3,109,2.3,94.2,663839,16191,2011,52.439,0.503
12,Portland Trail Blazers,26.7,48,34,108.8,107.1,1.7,87.9,840924,20510,2011,58.537,0.486
13,New Orleans Hornets,26.3,46,36,106.2,105.2,1,88.7,603088,14709,2011,56.098,0.493
14,Philadelphia 76ers,24.7,41,41,106.6,105,1.6,91.7,604823,14752,2011,50,0.494
15,New York Knicks,25.3,42,40,110.9,110.1,0.8,95.6,808879,19729,2011,51.22,0.513
16,Phoenix Suns,29.6,40,42,109.5,110.4,-0.9,94.4,720249,17567,2011,48.78,0.522
17,Milwaukee Bucks,26.7,35,47,101.6,102.5,-0.9,89.8,631912,15412,2011,42.683,0.467
18,Atlanta Hawks,27.4,44,38,106.1,107,-0.9,89.3,641596,15649,2011,53.659,0.501
19,Indiana Pacers,25.9,37,45,104.8,106,-1.2,94.7,555077,13538,2011,45.122,0.486
20,Utah Jazz,26.8,39,43,108.1,110.1,-2,91,799982,19512,2011,47.561,0.498
21,Golden State Warriors,25.2,36,46,108.2,110.7,-2.5,94.8,766398,18693,2011,43.902,0.51
22,Los Angeles Clippers,24.6,32,50,105.3,108.7,-3.4,92.8,727462,17743,2011,39.024,0.496
23,Detroit Pistons,27.2,30,52,107.7,111.7,-4,89.2,683080,16660,2011,36.585,0.495
24,Charlotte Hornets,26.9,34,48,103.4,107.8,-4.4,89.6,649694,15846,2011,41.463,0.482
25,Sacramento Kings,24.8,24,58,103.5,109,-5.5,95.2,569496,13890,2011,29.268,0.48
26,Minnesota Timberwolves,23.8,17,65,104.2,111.1,-6.9,96.5,624960,15243,2011,20.732,0.483
27,New Jersey Nets,24.8,24,58,103.1,109.9,-6.8,89.9,581378,13949,2011,29.268,0.474
28,Toronto Raptors,24.5,22,60,106.1,112.9,-6.8,92.9,680255,16592,2011,26.829,0.491
29,Washington Wizards,24.9,23,59,102.4,110.2,-7.8,93.8,688466,16792,2011,28.049,0.471
30,Cleveland Cavaliers,26.6,19,63,102.2,111.8,-9.6,93,824595,20112,2011,23.171,0.472
1,Chicago Bulls,27.1,50,16,107.4,98.3,9.1,89.1,731326,22161,2012,75.758,0.49
2,San Antonio Spurs,27.5,50,16,110.9,103.2,7.7,92.9,607095,18397,2012,75.758,0.528
3,Oklahoma City Thunder,25.1,47,19,109.8,103.2,6.6,93,600699,18203,2012,71.212,0.516
4,Miami Heat,28.3,46,20,106.6,100.2,6.4,91.2,657855,19935,2012,69.697,0.505
5,Philadelphia 76ers,24.9,35,31,103.9,99.2,4.7,89.7,577597,17503,2012,53.03,0.48
6,Denver Nuggets,26.6,38,28,109.2,106.2,3,94.2,561966,17029,2012,57.576,0.516
7,Los Angeles Clippers,27.3,40,26,108.5,105.7,2.8,89.2,634237,19219,2012,60.606,0.502
8,Atlanta Hawks,27.9,40,26,104.9,101.2,3.7,90.2,501593,15200,2012,60.606,0.5
9,Indiana Pacers,26.3,42,24,106.7,103.1,3.6,90.7,467561,14169,2012,63.636,0.474
10,Memphis Grizzlies,25.6,41,25,104,101.8,2.2,90.8,518446,15710,2012,62.121,0.473
11,New York Knicks,26.3,36,30,104.4,101,3.4,93.2,652179,19763,2012,54.545,0.492
12,Boston Celtics,29.3,39,27,101,98.2,2.8,90.4,614592,18624,2012,59.091,0.496
13,Los Angeles Lakers,29.7,41,25,106,104.4,1.6,90.5,626901,18997,2012,62.121,0.491
14,Dallas Mavericks,31.3,36,30,103.3,102.3,1,91.4,671050,20335,2012,54.545,0.489
15,Utah Jazz,25.6,36,30,106.8,106.1,0.7,91.4,637124,19307,2012,54.545,0.481
16,Houston Rockets,26.2,34,32,105.5,105.2,0.3,91.7,506994,15363,2012,51.515,0.492
17,Orlando Magic,27.5,37,29,105,104.1,0.9,89,623587,18897,2012,56.061,0.506
18,Phoenix Suns,28.9,33,33,106.2,106.5,-0.3,92.6,514718,15598,2012,50,0.499
19,Portland Trail Blazers,27.5,28,38,105.7,106.4,-0.7,91.2,676384,20496,2012,42.424,0.488
20,Milwaukee Bucks,26.2,31,35,105.5,105.2,0.3,93.7,485717,14719,2012,46.97,0.481
21,Minnesota Timberwolves,24.4,26,40,104.3,106.6,-2.3,93.3,577197,17491,2012,39.394,0.477
22,Golden State Warriors,25.3,23,43,105.4,109.1,-3.7,92.3,622311,18858,2012,34.848,0.505
23,New Orleans Hornets,25.5,21,45,100.9,105.1,-4.2,88.3,498618,15110,2012,31.818,0.476
24,Toronto Raptors,25.7,23,43,100.8,104.5,-3.7,89.3,555584,16836,2012,34.848,0.475
25,Sacramento Kings,24.3,22,44,103.8,109.8,-6,94.7,478764,14508,2012,33.333,0.472
26,Washington Wizards,24.2,20,46,101,106.2,-5.2,92.5,552038,16728,2012,30.303,0.472
27,Detroit Pistons,26.3,25,41,101,106.3,-5.3,89.2,475638,14413,2012,37.879,0.468
28,New Jersey Nets,26.1,22,44,102.9,109.6,-6.7,90.1,460719,13961,2012,33.333,0.473
29,Cleveland Cavaliers,26,21,45,101.1,108.9,-7.8,91.3,525577,15927,2012,31.818,0.463
30,Charlotte Hornets,24.5,7,59,95.2,110.4,-15.2,91.1,486984,14757,2012,10.606,0.439
1,Oklahoma City Thunder,26,60,22,112.4,102.6,9.8,93.3,746323,18203,2013,73.171,0.527
2,Miami Heat,30.3,66,16,112.3,103.7,8.6,90.7,819290,19983,2013,80.488,0.552
3,San Antonio Spurs,28.6,58,24,108.3,101.6,6.7,94.2,755700,18432,2013,70.732,0.531
4,Los Angeles Clippers,28.8,56,26,110.6,103.6,7,91.1,788293,19227,2013,68.293,0.526
5,Denver Nuggets,26.1,57,25,110.4,105.1,5.3,95.1,730616,17820,2013,69.512,0.515
6,Memphis Grizzlies,27,56,26,104.9,100.3,4.6,88.4,681613,16625,2013,68.293,0.472
7,New York Knicks,30.2,54,28,111.1,106.3,4.8,89.8,780353,19033,2013,65.854,0.515
8,Houston Rockets,24.4,45,37,109.7,106.1,3.6,96.1,683564,16672,2013,54.878,0.525
9,Indiana Pacers,25.7,49,32,104.3,99.8,4.5,90.2,626069,15270,2013,60.494,0.479
10,Los Angeles Lakers,30.7,45,37,107.8,106.6,1.2,94.4,778877,18997,2013,54.878,0.512
11,Golden State Warriors,25.3,47,35,106.4,105.5,0.9,94.5,794320,19374,2013,57.317,0.506
12,Brooklyn Nets,28.6,49,33,108.2,106.2,2,88.8,704702,17188,2013,59.756,0.498
13,Utah Jazz,26.3,43,39,106.7,106.8,-0.1,90.9,763915,18632,2013,52.439,0.492
14,Chicago Bulls,28,45,37,103.5,103.2,0.3,89.3,896944,21877,2013,54.878,0.47
15,Atlanta Hawks,27.1,44,38,104.8,104.4,0.4,92.6,620146,15126,2013,53.659,0.517
16,Dallas Mavericks,29.5,41,41,105.9,106.5,-0.6,94.1,821490,20036,2013,50,0.506
17,Boston Celtics,29.1,41,40,103.1,103.3,-0.2,91.7,744960,18624,2013,50.617,0.503
18,Milwaukee Bucks,26.4,38,44,103.6,105.2,-1.6,94.7,616469,15036,2013,46.341,0.476
19,Minnesota Timberwolves,26.4,31,51,102.9,105.4,-2.5,92.8,669956,16340,2013,37.805,0.473
20,Toronto Raptors,25.4,34,48,105.9,107.5,-1.6,90.4,743936,18145,2013,41.463,0.488
21,Portland Trail Blazers,24.4,33,49,105.8,109.2,-3.4,91.4,813012,19830,2013,40.244,0.498
22,Washington Wizards,25.4,29,53,100.2,103,-2.8,92.2,670070,16343,2013,35.366,0.475
23,New Orleans Hornets,24,27,55,105.7,110.1,-4.4,88.5,565930,13803,2013,32.927,0.489
24,Philadelphia 76ers,25.2,34,48,102,105.7,-3.7,91,685412,16717,2013,41.463,0.481
25,Sacramento Kings,25.6,28,54,106.2,111.4,-5.2,93.6,563743,13750,2013,34.146,0.491
26,Detroit Pistons,25.3,29,53,103.8,108.1,-4.3,90.8,606094,14685,2013,35.366,0.487
27,Cleveland Cavaliers,24.1,24,58,104.3,109.4,-5.1,92.3,663882,16192,2013,29.268,0.473
28,Phoenix Suns,26.9,25,57,101.2,108.1,-6.9,93.4,632913,15437,2013,30.488,0.477
29,Orlando Magic,24.6,20,62,101.6,109.1,-7.5,92.2,722716,17627,2013,24.39,0.485
30,Charlotte Hornets,24.4,21,61,101.5,111.5,-10,91.5,628293,15324,2013,25.61,0.46
1,San Antonio Spurs,28.9,62,20,110.5,102.4,8.1,95,755031,18415,2014,75.61,0.537
2,Los Angeles Clippers,28.1,57,25,112.1,104.8,7.3,95.9,787692,19212,2014,69.512,0.526
3,Oklahoma City Thunder,26.2,59,23,110.5,103.9,6.6,95.4,746323,18203,2014,71.951,0.52
4,Golden State Warriors,26.3,51,31,107.5,102.6,4.9,96.2,803436,19596,2014,62.195,0.517
5,Houston Rockets,25.4,54,28,111,106.3,4.7,96.3,743082,18124,2014,65.854,0.531
6,Portland Trail Blazers,25.8,54,28,111.5,107.4,4.1,94.9,809612,19747,2014,65.854,0.504
7,Miami Heat,30.6,54,28,110.9,105.8,5.1,91.2,811036,19781,2014,65.854,0.554
8,Indiana Pacers,27.2,56,26,104.1,99.3,4.8,92.5,717542,17501,2014,68.293,0.49
9,Minnesota Timberwolves,26.3,40,42,108.9,106.2,2.7,97.3,597157,14565,2014,48.78,0.486
10,Phoenix Suns,26.2,48,34,109.5,106.7,2.8,95.8,650739,15872,2014,58.537,0.519
11,Dallas Mavericks,30.6,49,33,111.2,108.7,2.5,93.5,817982,19951,2014,59.756,0.526
12,Toronto Raptors,25.6,48,34,108.8,105.3,3.5,91.8,748339,18252,2014,58.537,0.498
13,Memphis Grizzlies,28.5,50,32,106.3,104.6,1.7,89.9,685458,16718,2014,60.976,0.494
14,Chicago Bulls,28.6,48,34,102.5,100.5,2,90.2,890370,21716,2014,58.537,0.471
15,Washington Wizards,26.3,44,38,106,104.6,1.4,93.2,698068,17026,2014,53.659,0.506
16,Atlanta Hawks,27.5,38,44,105.9,106.4,-0.5,94.6,587927,14231,2014,46.341,0.515
17,Charlotte Hornets,25.5,43,39,103.6,103.8,-0.2,92.4,636268,15519,2014,52.439,0.481
18,Denver Nuggets,26,36,46,106,108.2,-2.2,98.1,692898,16900,2014,43.902,0.497
19,New York Knicks,28.3,37,45,108.3,109.1,-0.8,90.3,812292,19812,2014,45.122,0.505
20,Brooklyn Nets,30,44,38,106.7,107.7,-1,91.4,707331,17252,2014,53.659,0.514
21,New Orleans Pelicans,24.3,34,48,107.2,110.1,-2.9,92.2,672029,16391,2014,41.463,0.495
22,Sacramento Kings,24.9,28,54,105.7,108.8,-3.1,94.4,667949,16291,2014,34.146,0.484
23,Cleveland Cavaliers,24.9,33,49,104.2,107.7,-3.5,93.1,710522,17330,2014,40.244,0.479
24,Detroit Pistons,24.7,29,53,105.9,109.7,-3.8,94.9,616005,15025,2014,35.366,0.482
25,Boston Celtics,25.4,25,57,102.9,107.7,-4.8,93.3,742400,18107,2014,30.488,0.477
26,Los Angeles Lakers,26.8,27,55,104.2,110.6,-6.4,98.7,771974,18829,2014,32.927,0.505
27,Orlando Magic,24.6,23,59,101.7,107.4,-5.7,93.6,666046,16245,2014,28.049,0.487
28,Utah Jazz,24.5,25,57,103.5,111.3,-7.8,91.4,745203,18176,2014,30.488,0.484
29,Milwaukee Bucks,24.7,15,67,103,111.8,-8.8,91.8,552067,13465,2014,18.293,0.479
30,Philadelphia 76ers,23.4,19,63,99.4,109.9,-10.5,99.2,568632,13869,2014,23.171,0.475
1,Golden State Warriors,26.6,67,15,111.6,101.4,10.2,98.3,803436,19596,2015,81.707,0.54
2,Los Angeles Clippers,28.8,56,26,112.4,105.5,6.9,94.7,785892,19168,2015,68.293,0.533
3,San Antonio Spurs,29.8,55,27,108.5,102,6.5,93.8,762855,18606,2015,67.073,0.517
4,Atlanta Hawks,27.8,60,22,108.9,103.1,5.8,93.9,713909,17412,2015,73.171,0.527
5,Portland Trail Blazers,27,51,31,108.2,103.7,4.5,94.2,798368,19472,2015,62.195,0.508
6,Cleveland Cavaliers,26.9,53,29,111.1,106.3,4.8,92.3,843042,20562,2015,64.634,0.52
7,Houston Rockets,27.6,56,26,107,103.4,3.6,96.5,747412,18230,2015,68.293,0.512
8,Memphis Grizzlies,29.6,55,27,105.7,102.2,3.5,92,710502,17329,2015,67.073,0.489
9,Dallas Mavericks,29.9,50,32,109.5,106.4,3.1,95.2,827702,20188,2015,60.976,0.515
10,Chicago Bulls,28.8,50,32,107.5,104.3,3.2,92.8,886612,21625,2015,60.976,0.489
11,Oklahoma City Thunder,25.4,45,37,107.8,105.5,2.3,95.7,746323,18203,2015,54.878,0.492
12,Toronto Raptors,26.1,49,33,111,107.7,3.3,92.8,809824,19752,2015,59.756,0.508
13,New Orleans Pelicans,25.3,45,37,108.2,107.3,0.9,91.4,683757,16677,2015,54.878,0.501
14,Utah Jazz,23.4,38,44,105.1,104.9,0.2,90.4,772059,18831,2015,46.341,0.494
15,Washington Wizards,28.6,46,36,103.7,103,0.7,93.7,747796,18239,2015,56.098,0.499
16,Milwaukee Bucks,24.6,41,41,102.7,102.2,0.5,94.1,593910,14813,2015,50,0.499
17,Indiana Pacers,28.3,38,44,103.5,103.2,0.3,93.2,691434,16864,2015,46.341,0.484
18,Phoenix Suns,25.7,39,43,105.3,106.2,-0.9,96.3,693862,16923,2015,47.561,0.501
19,Boston Celtics,25,40,42,104.7,104.5,0.2,95.8,721350,17594,2015,48.78,0.489
20,Detroit Pistons,25.9,32,50,105.3,106.4,-1.1,92.8,625917,15266,2015,39.024,0.482
21,Miami Heat,28.5,37,45,103.9,106.7,-2.8,90.9,808223,19713,2015,45.122,0.5
22,Denver Nuggets,26.4,30,52,104.5,108.2,-3.7,96.1,602707,14700,2015,36.585,0.479
23,Sacramento Kings,26,29,53,105.3,109.2,-3.9,95.4,680049,16587,2015,35.366,0.49
24,Brooklyn Nets,28.6,38,44,104.4,107.4,-3,92.7,698529,17037,2015,46.341,0.491
25,Charlotte Hornets,26,33,49,100.1,103.5,-3.4,93,704886,17192,2015,40.244,0.456
26,Orlando Magic,24.3,25,57,101.6,107.7,-6.1,93.8,688194,16785,2015,30.488,0.494
27,Los Angeles Lakers,27,21,61,103.4,110.6,-7.2,94,768244,18738,2015,25.61,0.473
28,Minnesota Timberwolves,24.4,16,66,102.9,112.2,-9.3,94.4,595652,14416,2015,19.512,0.468
29,Philadelphia 76ers,23.2,18,64,95.5,104.8,-9.3,95.7,571572,13941,2015,21.951,0.459
30,New York Knicks,26.9,17,65,99.9,110,-10.1,91.2,812292,19812,2015,20.732,0.47
1,Golden State Warriors,27.4,73,9,114.5,103.8,10.7,99.3,803436,19596,2016,89.024,0.563
2,San Antonio Spurs,30.3,67,15,110.3,99,11.3,93.8,756445,18450,2016,81.707,0.526
3,Oklahoma City Thunder,25.8,55,27,113.1,105.6,7.5,96.7,746323,18203,2016,67.073,0.524
4,Cleveland Cavaliers,28.1,57,25,110.9,104.5,6.4,93.3,843042,20562,2016,69.512,0.524
5,Los Angeles Clippers,29.7,53,29,108.3,103.8,4.5,95.8,786910,19193,2016,64.634,0.524
6,Toronto Raptors,26.3,56,26,110,105.2,4.8,92.9,812863,19826,2016,68.293,0.504
7,Atlanta Hawks,28.2,48,34,105.1,101.4,3.7,97.1,690150,16833,2016,58.537,0.516
8,Boston Celtics,25.2,48,34,106.8,103.6,3.2,98.5,749076,18270,2016,58.537,0.488
9,Charlotte Hornets,26,48,34,107.1,104.3,2.8,95.7,716894,17485,2016,58.537,0.502
10,Utah Jazz,24.2,40,42,105.9,103.9,2,91,791489,19305,2016,48.78,0.501
11,Indiana Pacers,26.9,45,37,104.6,102.9,1.7,96.6,690733,16847,2016,54.878,0.497
12,Miami Heat,28.4,48,34,106.1,104.4,1.7,93.6,809350,19740,2016,58.537,0.508
13,Portland Trail Blazers,24.3,44,38,108.8,108,0.8,96,794085,19368,2016,53.659,0.511
14,Detroit Pistons,25,44,38,106.1,105.5,0.6,95.1,677138,16516,2016,53.659,0.491
15,Houston Rockets,27.8,41,41,108.3,108.1,0.2,97.6,737244,17982,2016,50,0.516
16,Dallas Mavericks,30.3,42,40,106.7,107,-0.3,94.3,825901,20144,2016,51.22,0.502
17,Washington Wizards,27.3,41,41,105.3,105.8,-0.5,98.5,725426,17693,2016,50,0.511
18,Chicago Bulls,27.6,42,40,105,106.5,-1.5,95.7,894659,21821,2016,51.22,0.487
19,Orlando Magic,23.9,35,47,105.1,106.8,-1.7,96,719275,17515,2016,42.683,0.5
20,Memphis Grizzlies,30.5,42,40,105.4,107.8,-2.4,93.3,701894,17119,2016,51.22,0.477
21,Sacramento Kings,26.6,33,49,106,108.4,-2.4,100,707526,17222,2016,40.244,0.51
22,New York Knicks,27.2,32,50,104.6,107.6,-3,93.4,812292,19812,2016,39.024,0.483
23,Denver Nuggets,24.7,33,49,105.6,108.9,-3.3,95.7,577898,14095,2016,40.244,0.489
24,Minnesota Timberwolves,24.6,29,53,106.5,110.1,-3.6,95.2,581178,14175,2016,35.366,0.498
25,New Orleans Pelicans,26.6,30,52,105.6,109.5,-3.9,96.8,688549,16794,2016,36.585,0.498
26,Milwaukee Bucks,23.5,33,49,104.3,108.7,-4.4,94.2,621808,15166,2016,40.244,0.499
27,Phoenix Suns,26,23,59,102.2,109,-6.8,98.5,701405,17107,2016,28.049,0.487
28,Brooklyn Nets,26.9,21,61,103.2,110.9,-7.7,95.2,620142,15125,2016,25.61,0.492
29,Los Angeles Lakers,26.5,17,65,101.6,111.6,-10,95.6,778877,18997,2016,20.732,0.46
30,Philadelphia 76ers,23.3,10,72,98.8,109.2,-10.4,97.9,614650,14991,2016,12.195,0.487
